Boyer,BOYER,boyer
Coffey,COFFEY,coffey
Conway,CONWAY,conway
Crane,CRANE,crane
Diaz,DIAZ,diaz
Estes,ESTES,estes
Fry,FRY,fry
Garrett,GARRETT,garrett
Guy,GUY,guy
Hamilton,HAMILTON,hamilton
Holcomb,HOLCOMB,holcomb
Jarvis,JARVIS,jarvis
Kinney,KINNEY,kinney
Klein,KLEIN,klein
Knight,KNIGHT,knight
Noel,NOEL,noel
Sexton,SEXTON,sexton
Silva,SILVA,silva
